Date,Total Cases,New Cases,New Cases 7-Day Moving Average,Case Growth,Cases Growth 7DMA,Total Deaths,New Deaths,New Deaths 7DMA,Death Growth,Death Growth 7DMA,Total Recoveries,New Recoveries,Recovery Rate,Active Cases,Case Fatality Rate (CFR),Adjusted CFR,Total Deaths per MM Population,Total Cases per MM Population,Active Cases per ICU Bed
1/25/2020,3,3,3,0,0,0,0,0,0,0,0,0,0%,3,0%,0,0,0.09,
1/26/2020,4,1,2,33.33%,16.67%,0,0,0,0,0,0,0,0%,4,0%,0,0,0.12,
1/27/2020,4,0,1.333333333,0,11.11%,0,0,0,0,0,0,0,0%,4,0%,0,0,0.12,
1/28/2020,4,0,1,0,8.33%,0,0,0,0,0,0,0,0%,4,0%,0,0,0.12,
1/29/2020,7,3,1.4,75%,21.67%,0,0,0,0,0,0,0,0%,7,0%,0,0,0.22,
1/30/2020,8,1,1.333333333,14.29%,20.44%,0,0,0,0,0,0,0,0%,8,0%,0,0,0.25,
1/31/2020,8,0,1.142857143,0,17.52%,0,0,0,0,0,0,0,0%,8,0%,0,0,0.25,
2/1/2020,8,0,0.714285714,0,17.52%,0,0,0,0,0,0,0,0%,8,0%,0,0,0.25,
2/2/2020,8,0,0.571428571,0,12.76%,0,0,0,0,0,0,0,0%,8,0%,0,0,0.25,
2/3/2020,8,0,0.571428571,0,12.76%,0,0,0,0,0,0,0,0%,8,0%,0,0,0.25,
2/4/2020,10,2,0.857142857,25%,16.33%,0,0,0,0,0,0,0,0%,10,0%,0,0,0.31,
2/5/2020,12,2,0.714285714,20%,8.47%,0,0,0,0,0,0,0,0%,12,0%,0,0,0.37,
2/6/2020,12,0,0.571428571,0,6.43%,0,0,0,0,0,0,0,0%,12,0%,0,0,0.37,
2/7/2020,12,0,0.571428571,0,6.43%,0,0,0,0,0,1,1,8.33%,11,0%,0%,0,0.37,
2/8/2020,16,4,1.142857143,33.33%,11.19%,0,0,0,0,0,1,0,6.25%,15,0%,0%,0,0.49,
2/9/2020,16,0,1.142857143,0,11.19%,0,0,0,0,0,1,0,6.25%,15,0%,0%,0,0.49,
2/10/2020,18,2,1.428571429,12.50%,12.98%,0,0,0,0,0,1,0,5.56%,17,0%,0%,0,0.56,
2/11/2020,18,0,1.142857143,0,9.40%,0,0,0,0,0,3,2,16.67%,15,0%,0%,0,0.56,
2/12/2020,18,0,0.857142857,0,6.55%,0,0,0,0,0,3,0,16.67%,15,0%,0%,0,0.56,
2/13/2020,19,1,1,5.56%,7.34%,0,0,0,0,0,3,0,15.79%,16,0%,0%,0,0.59,
2/14/2020,19,0,1,0,7.34%,0,0,0,0,0,3,0,15.79%,16,0%,0%,0,0.59,
2/15/2020,22,3,0.857142857,15.79%,4.84%,0,0,0,0,0,7,4,31.82%,15,0%,0%,0,0.68,
2/16/2020,22,0,0.857142857,0,4.84%,0,0,0,0,0,7,0,31.82%,15,0%,0%,0,0.68,
2/17/2020,22,0,0.571428571,0,3.05%,0,0,0,0,0,7,0,31.82%,15,0%,0%,0,0.68,
2/18/2020,22,0,0.571428571,0,3.05%,0,0,0,0,0,13,6,59.09%,9,0%,0%,0,0.68,
2/19/2020,22,0,0.571428571,0,3.05%,0,0,0,0,0,15,2,68.18%,7,0%,0%,0,0.68,
2/20/2020,22,0,0.428571429,0,2.26%,0,0,0,0,0,15,0,68.18%,7,0%,0%,0,0.68,
2/21/2020,22,0,0.428571429,0,2.26%,0,0,0,0,0,15,0,68.18%,7,0%,0%,0,0.68,
2/22/2020,22,0,0,0,0,0,0,0,0,0,15,0,68.18%,7,0%,0%,0,0.68,
2/23/2020,22,0,0,0,0,0,0,0,0,0,15,0,68.18%,7,0%,0%,0,0.68,
2/24/2020,22,0,0,0,0,0,0,0,0,0,18,3,81.82%,4,0%,0%,0,0.68,
2/25/2020,22,0,0,0,0,0,0,0,0,0,18,0,81.82%,4,0%,0%,0,0.68,
2/26/2020,22,0,0,0,0,0,0,0,0,0,18,0,81.82%,4,0%,0%,0,0.68,
2/27/2020,23,1,0.142857143,4.55%,0.65%,0,0,0,0,0,18,0,78.26%,5,0%,0%,0,0.71,
2/28/2020,23,0,0.142857143,0,0.65%,0,0,0,0,0,18,0,78.26%,5,0%,0%,0,0.71,
2/29/2020,25,2,0.428571429,8.70%,1.89%,0,0,0,0,0,18,0,72%,7,0%,0%,0,0.77,
3/1/2020,29,4,1,16%,4.18%,0,0,0,0,0,18,0,62.07%,11,0%,0%,0,0.9,
3/2/2020,29,0,1,0,4.18%,0,0,0,0,0,18,0,62.07%,11,0%,0%,0,0.9,
3/3/2020,36,7,2,24.14%,7.63%,0,0,0,0,0,22,4,61.11%,14,0%,0%,0,1.11,
3/4/2020,50,14,4,38.89%,13.18%,0,0,0,0,0,22,0,44%,28,0%,0%,0,1.54,
3/5/2020,50,0,3.857142857,0,12.53%,0,0,0,0,0,22,0,44%,28,0%,0%,0,1.54,
3/6/2020,83,33,8.571428571,66%,21.96%,0,0,0,0,0,22,0,26.51%,61,0%,0%,0,2.56,
3/7/2020,93,10,9.714285714,12.05%,22.44%,0,0,0,0,0,23,1,24.73%,70,0%,0%,0,2.87,
3/8/2020,99,6,10,6.45%,21.08%,0,0,0,0,0,24,1,24.24%,75,0%,0%,0,3.06,
3/9/2020,117,18,12.57142857,18.18%,23.67%,0,0,0,0,0,24,0,20.51%,93,0%,0%,0,3.61,
3/10/2020,129,12,13.28571429,10.26%,21.69%,0,0,0,0,0,24,0,18.60%,105,0%,0%,0,3.99,
3/11/2020,149,20,14.14285714,15.50%,18.35%,0,0,0,0,0,26,2,17.45%,123,0%,0%,0,4.6,
3/12/2020,149,0,14.14285714,0,18.35%,0,0,0,0,0,26,0,17.45%,123,0%,0%,0,4.6,
3/13/2020,197,48,16.28571429,32.21%,13.52%,0,0,0,0,0,26,0,13.20%,171,0%,0%,0,6.09,
3/14/2020,238,41,20.71428571,20.81%,14.77%,0,0,0,0,0,35,9,14.71%,203,0%,0%,0,7.35,
3/15/2020,428,190,47,79.83%,25.26%,0,0,0,0,0,42,7,9.81%,386,0%,0%,0,13.22,
3/16/2020,566,138,64.14285714,32.24%,27.26%,0,0,0,0,0,42,0,7.42%,524,0%,0%,0,17.49,
3/17/2020,673,107,77.71428571,18.90%,28.50%,2,2,0.285714286,0,0,49,7,7.28%,622,0.30%,3.92%,0.06,20.79,
3/18/2020,790,117,91.57142857,17.38%,28.77%,2,0,0.285714286,0,0,60,11,7.59%,728,0.25%,3.23%,0.06,24.41,
3/19/2020,900,110,107.2857143,13.92%,30.76%,2,0,0.285714286,0,0,75,15,8.33%,823,0.22%,2.60%,0.06,27.81,
3/20/2020,1030,130,119,14.44%,28.22%,3,1,0.428571429,50%,7.14%,87,12,8.45%,940,0.29%,3.33%,0.09,31.82,
3/21/2020,1183,153,135,14.85%,27.37%,4,1,0.571428571,33.33%,11.90%,114,27,9.64%,1065,0.34%,3.39%,0.12,36.55,
3/22/2020,1306,123,125.4285714,10.40%,17.45%,10,6,1.428571429,150%,33.33%,139,25,10.64%,1157,0.77%,6.71%,0.31,40.35,
3/23/2020,1518,212,136,16.23%,15.16%,14,4,2,40%,39.05%,159,20,10.47%,1345,0.92%,8.09%,0.43,46.9,
3/24/2020,1624,106,135.8571429,6.98%,13.46%,16,2,2,14.29%,41.09%,183,24,11.27%,1425,0.99%,8.04%,0.49,50.18,
3/25/2020,1796,172,143.7142857,10.59%,12.49%,20,4,2.571428571,25%,44.66%,199,16,11.08%,1577,1.11%,9.13%,0.62,55.49,
3/26/2020,2031,235,161.5714286,13.08%,12.37%,23,3,3,15%,46.80%,215,16,10.59%,1793,1.13%,9.66%,0.71,62.75,
3/27/2020,2161,130,161.5714286,6.40%,11.22%,26,3,3.285714286,13.04%,41.52%,259,44,11.99%,1876,1.20%,9.12%,0.8,66.77,
3/28/2020,2320,159,162.4285714,7.36%,10.15%,27,1,3.285714286,3.85%,37.31%,320,61,13.79%,1973,1.16%,7.78%,0.83,71.68,
3/29/2020,2470,150,166.2857143,6.47%,9.59%,35,8,3.571428571,29.63%,20.12%,388,68,15.71%,2047,1.42%,8.27%,1.08,76.31,
3/30/2020,2626,156,158.2857143,6.32%,8.17%,37,2,3.285714286,5.71%,15.22%,479,91,18.24%,2110,1.41%,7.17%,1.14,81.13,
3/31/2020,2766,140,163.1428571,5.33%,7.94%,43,6,3.857142857,16.22%,15.49%,537,58,19.41%,2186,1.55%,7.41%,1.33,85.46,
4/1/2020,2908,142,158.8571429,5.13%,7.16%,45,2,3.571428571,4.65%,12.59%,645,108,22.18%,2218,1.55%,6.52%,1.39,89.85,
4/2/2020,3116,208,155,7.15%,6.31%,50,5,3.857142857,11.11%,12.03%,767,122,24.61%,2299,1.60%,6.12%,1.54,96.27,
4/3/2020,3333,217,167.4285714,6.96%,6.39%,53,3,3.857142857,6%,11.02%,827,60,24.81%,2453,1.59%,6.02%,1.64,102.98,
4/4/2020,3483,150,166.1428571,4.50%,5.98%,57,4,4.285714286,7.55%,11.55%,915,88,26.27%,2511,1.64%,5.86%,1.76,107.61,
4/5/2020,3662,179,170.2857143,5.14%,5.79%,61,4,3.714285714,7.02%,8.32%,1005,90,27.44%,2596,1.67%,5.72%,1.88,113.14,
4/6/2020,3793,131,166.7142857,3.58%,5.40%,62,1,3.571428571,1.64%,7.74%,1241,236,32.72%,2490,1.63%,4.76%,1.92,117.19,
4/7/2020,3963,170,171,4.48%,5.28%,63,1,2.857142857,1.61%,5.65%,1321,80,33.33%,2579,1.59%,4.55%,1.95,122.44,
4/8/2020,4119,156,173,3.94%,5.11%,65,2,2.857142857,3.17%,5.44%,1487,166,36.10%,2567,1.58%,4.19%,2.01,127.26,
4/9/2020,4228,109,158.8571429,2.65%,4.46%,67,2,2.428571429,3.08%,4.30%,1608,121,38.03%,2553,1.58%,4%,2.07,130.63,
4/10/2020,4346,118,144.7142857,2.79%,3.87%,70,3,2.428571429,4.48%,4.08%,1830,222,42.11%,2446,1.61%,3.68%,2.16,134.28,
4/11/2020,4530,184,149.5714286,4.23%,3.83%,73,3,2.285714286,4.29%,3.61%,1995,165,44.04%,2462,1.61%,3.53%,2.26,139.96,
4/12/2020,4683,153,145.8571429,3.38%,3.58%,76,3,2.142857143,4.11%,3.20%,2108,113,45.01%,2499,1.62%,3.48%,2.35,144.69,
4/13/2020,4817,134,146.2857143,2.86%,3.48%,77,1,2.142857143,1.32%,3.15%,2276,168,47.25%,2464,1.60%,3.27%,2.38,148.83,
4/14/2020,4987,170,146.2857143,3.53%,3.34%,82,5,2.714285714,6.49%,3.85%,2478,202,49.69%,2427,1.64%,3.20%,2.53,154.08,
4/15/2020,5072,85,136.1428571,1.70%,3.02%,83,1,2.571428571,1.22%,3.57%,2647,169,52.19%,2342,1.64%,3.04%,2.56,156.71,
4/16/2020,5182,110,136.2857143,2.17%,2.95%,84,1,2.428571429,1.20%,3.30%,2766,119,53.38%,2332,1.62%,2.95%,2.6,160.11,
4/17/2020,5251,69,129.2857143,1.33%,2.74%,86,2,2.285714286,2.38%,3%,2967,201,56.50%,2198,1.64%,2.82%,2.66,162.24,
4/18/2020,5305,54,110.7142857,1.03%,2.29%,88,2,2.142857143,2.33%,2.72%,3102,135,58.47%,2115,1.66%,2.76%,2.72,163.91,
4/19/2020,5389,84,100.8571429,1.58%,2.03%,89,1,1.857142857,1.14%,2.30%,3197,95,59.32%,2103,1.65%,2.71%,2.75,166.5,
4/20/2020,5425,36,86.85714286,0.67%,1.72%,89,0,1.714285714,0,2.11%,3295,98,60.74%,2041,1.64%,2.63%,2.75,167.61,
4/21/2020,5482,57,70.71428571,1.05%,1.36%,92,3,1.428571429,3.37%,1.66%,3349,54,61.09%,2041,1.68%,2.67%,2.84,169.38,
4/22/2020,5532,50,65.71428571,0.91%,1.25%,93,1,1.428571429,1.09%,1.64%,3452,103,62.40%,1987,1.68%,2.62%,2.87,170.92,
4/23/2020,5603,71,60.14285714,1.28%,1.12%,95,2,1.571428571,2.15%,1.78%,3542,90,63.22%,1966,1.70%,2.61%,2.94,173.11,
4/24/2020,5691,88,62.85714286,1.57%,1.16%,96,1,1.428571429,1.05%,1.59%,3663,121,64.36%,1932,1.69%,2.55%,2.97,175.83,
4/25/2020,5742,51,62.42857143,0.90%,1.14%,98,2,1.428571429,2.08%,1.55%,3762,99,65.52%,1882,1.71%,2.54%,3.03,177.41,
4/26/2020,5780,38,55.85714286,0.66%,1.01%,98,0,1.285714286,0,1.39%,3862,100,66.82%,1820,1.70%,2.47%,3.03,178.58,
4/27/2020,5820,40,56.42857143,0.69%,1.01%,99,1,1.428571429,1.02%,1.54%,3957,95,67.99%,1764,1.70%,2.44%,3.06,179.82,
4/28/2020,5851,31,52.71428571,0.53%,0.93%,100,1,1.142857143,1.01%,1.20%,4032,75,68.91%,1719,1.71%,2.42%,3.09,180.78,
4/29/2020,5945,94,59,1.61%,1.03%,100,0,1,0,1.04%,4087,55,68.75%,1758,1.68%,2.39%,3.09,183.68,
4/30/2020,6002,57,57,0.96%,0.99%,102,2,1,2%,1.02%,4171,84,69.49%,1729,1.70%,2.39%,3.15,185.44,
5/1/2020,6071,69,54.28571429,1.15%,0.93%,103,1,1,0.98%,1.01%,4210,39,69.35%,1758,1.70%,2.39%,3.18,187.57,
5/2/2020,6176,105,62,1.73%,1.05%,103,0,0.714285714,0,0.72%,4326,116,70.05%,1747,1.67%,2.33%,3.18,190.82,
5/3/2020,6298,122,74,1.98%,1.24%,105,2,1,1.94%,0.99%,4413,87,70.07%,1780,1.67%,2.32%,3.24,194.59,
5/4/2020,6353,55,76.14285714,0.87%,1.26%,105,0,0.857142857,0,0.85%,4484,71,70.58%,1764,1.65%,2.29%,3.24,196.29,
5/5/2020,6383,30,76,0.47%,1.25%,106,1,0.857142857,0.95%,0.84%,4567,83,71.55%,1710,1.66%,2.27%,3.28,197.21,
5/6/2020,6428,45,69,0.70%,1.12%,107,1,1,0.94%,0.97%,4702,135,73.15%,1619,1.66%,2.22%,3.31,198.6,
5/7/2020,6467,39,66.42857143,0.61%,1.07%,107,0,0.714285714,0,0.69%,4776,74,73.85%,1584,1.65%,2.19%,3.31,199.81,
5/8/2020,6535,68,66.28571429,1.05%,1.06%,107,0,0.571428571,0,0.55%,4864,88,74.43%,1564,1.64%,2.15%,3.31,201.91,
5/9/2020,6589,54,59,0.83%,0.93%,108,1,0.714285714,0.93%,0.68%,4929,65,74.81%,1552,1.64%,2.14%,3.34,203.58,
5/10/2020,6656,67,51.14285714,1.02%,0.79%,108,0,0.428571429,0,0.40%,5025,96,75.50%,1523,1.62%,2.10%,3.34,205.65,
5/11/2020,6726,70,53.28571429,1.05%,0.82%,109,1,0.571428571,0.93%,0.54%,5113,88,76.02%,1504,1.62%,2.09%,3.37,207.81,
5/12/2020,6742,16,51.28571429,0.24%,0.79%,109,0,0.428571429,0,0.40%,5223,110,77.47%,1410,1.62%,2.04%,3.37,208.31,
5/13/2020,6779,37,50.14285714,0.55%,0.76%,111,2,0.571428571,1.83%,0.53%,5281,58,77.90%,1387,1.64%,2.06%,3.43,209.45,
5/14/2020,6819,40,50.28571429,0.59%,0.76%,112,1,0.714285714,0.90%,0.66%,5351,70,78.47%,1356,1.64%,2.05%,3.46,210.68,
5/15/2020,6855,36,45.71428571,0.53%,0.69%,112,0,0.714285714,0,0.66%,5439,88,79.34%,1304,1.63%,2.02%,3.46,211.8,
5/16/2020,6872,17,40.42857143,0.25%,0.60%,113,1,0.714285714,0.89%,0.65%,5512,73,80.21%,1247,1.64%,2.01%,3.49,212.32,
5/17/2020,6894,22,34,0.32%,0.50%,113,0,0.714285714,0,0.65%,5571,59,80.81%,1210,1.64%,1.99%,3.49,213,
5/18/2020,6941,47,30.71428571,0.68%,0.45%,113,0,0.571428571,0,0.52%,5615,44,80.90%,1213,1.63%,1.97%,3.49,214.45,
5/19/2020,6978,37,33.71428571,0.53%,0.49%,114,1,0.714285714,0.88%,0.64%,5646,31,80.91%,1218,1.63%,1.98%,3.52,215.6,
5/20/2020,7009,31,32.85714286,0.44%,0.48%,114,0,0.428571429,0,0.38%,5706,60,81.41%,1189,1.63%,1.96%,3.52,216.55,
5/21/2020,7059,50,34.28571429,0.71%,0.49%,114,0,0.285714286,0,0.25%,5796,90,82.11%,1149,1.61%,1.93%,3.52,218.1,
5/22/2020,7137,78,40.28571429,1.10%,0.58%,115,1,0.428571429,0.88%,0.38%,5859,63,82.09%,1163,1.61%,1.93%,3.55,220.51,
5/23/2020,7185,48,44.71428571,0.67%,0.64%,115,0,0.285714286,0,0.25%,5912,53,82.28%,1158,1.60%,1.91%,3.55,221.99,
5/24/2020,7245,60,50.14285714,0.84%,0.71%,115,0,0.285714286,0,0.25%,5945,33,82.06%,1185,1.59%,1.90%,3.55,223.85,
5/25/2020,7417,172,68,2.37%,0.95%,115,0,0.285714286,0,0.25%,5979,34,80.61%,1323,1.55%,1.89%,3.55,229.16,
5/26/2020,7604,187,89.42857143,2.52%,1.24%,115,0,0.142857143,0,0.13%,6041,62,79.45%,1448,1.51%,1.87%,3.55,234.94,
5/27/2020,7619,15,87.14285714,0.20%,1.20%,115,0,0.142857143,0,0.13%,6083,42,79.84%,1421,1.51%,1.86%,3.55,235.4,
5/28/2020,7629,10,81.42857143,0.13%,1.12%,115,0,0.142857143,0,0.13%,6169,86,80.86%,1345,1.51%,1.83%,3.55,235.71,
5/29/2020,7732,103,85,1.35%,1.15%,115,0,0,0,0,6235,66,80.64%,1382,1.49%,1.81%,3.55,238.89,
5/30/2020,7762,30,82.42857143,0.39%,1.11%,115,0,0,0,0,6330,95,81.55%,1317,1.48%,1.78%,3.55,239.82,
5/31/2020,7819,57,82,0.73%,1.10%,115,0,0,0,0,6353,23,81.25%,1351,1.47%,1.78%,3.55,241.58,
6/1/2020,7857,38,62.85714286,0.49%,0.83%,115,0,0,0,0,6404,51,81.51%,1338,1.46%,1.76%,3.55,242.75,
6/2/2020,7877,20,39,0.25%,0.51%,115,0,0,0,0,6470,66,82.14%,1292,1.46%,1.75%,3.55,243.37,
6/3/2020,7970,93,50.14285714,1.18%,0.65%,115,0,0,0,0,6531,61,81.94%,1324,1.44%,1.73%,3.55,246.25,
6/4/2020,8247,277,88.28571429,3.48%,1.12%,115,0,0,0,0,6559,28,79.53%,1573,1.39%,1.72%,3.55,254.8,
6/5/2020,8266,19,76.28571429,0.23%,0.96%,116,1,0.142857143,0.87%,0.12%,6610,51,79.97%,1540,1.40%,1.72%,3.58,255.39,
6/6/2020,8303,37,77.28571429,0.45%,0.97%,117,1,0.285714286,0.86%,0.25%,6635,25,79.91%,1551,1.41%,1.73%,3.61,256.53,
6/7/2020,8322,19,71.85714286,0.23%,0.90%,117,0,0.285714286,0,0.25%,6674,39,80.20%,1531,1.41%,1.72%,3.61,257.12,
6/8/2020,8329,7,67.42857143,0.08%,0.84%,117,0,0.285714286,0,0.25%,6694,20,80.37%,1518,1.40%,1.72%,3.61,257.34,
6/9/2020,8336,7,65.57142857,0.08%,0.82%,117,0,0.285714286,0,0.25%,6975,281,83.67%,1244,1.40%,1.65%,3.61,257.55,
6/10/2020,8338,2,52.57142857,0.02%,0.65%,118,1,0.428571429,0.85%,0.37%,7014,39,84.12%,1206,1.42%,1.65%,3.65,257.62,
6/11/2020,8369,31,17.42857143,0.37%,0.21%,118,0,0.428571429,0,0.37%,7065,51,84.42%,1186,1.41%,1.64%,3.65,258.57,
6/12/2020,8402,33,19.42857143,0.39%,0.23%,119,1,0.428571429,0.85%,0.37%,7168,103,85.31%,1115,1.42%,1.63%,3.68,259.59,
6/13/2020,8445,43,20.28571429,0.51%,0.24%,120,1,0.428571429,0.84%,0.36%,7311,143,86.57%,1014,1.42%,1.61%,3.71,260.92,
6/14/2020,8453,8,18.71428571,0.09%,0.22%,121,1,0.571428571,0.83%,0.48%,7346,35,86.90%,986,1.43%,1.62%,3.74,261.17,
6/15/2020,8494,41,23.57142857,0.49%,0.28%,121,0,0.571428571,0,0.48%,7400,54,87.12%,973,1.42%,1.61%,3.74,262.44,
6/16/2020,8505,11,24.14285714,0.13%,0.29%,121,0,0.571428571,0,0.48%,7733,333,90.92%,651,1.42%,1.54%,3.74,262.78,
6/17/2020,8515,10,25.28571429,0.12%,0.30%,121,0,0.428571429,0,0.36%,7873,140,92.46%,521,1.42%,1.51%,3.74,263.08,
6/18/2020,8529,14,22.85714286,0.16%,0.27%,121,0,0.428571429,0,0.36%,8000,127,93.80%,408,1.42%,1.49%,3.74,263.52,
6/19/2020,8535,6,19,0.07%,0.22%,121,0,0.285714286,0,0.24%,8070,70,94.55%,344,1.42%,1.48%,3.74,263.7,
6/20/2020,8556,21,15.85714286,0.25%,0.19%,121,0,0.142857143,0,0.12%,8146,76,95.21%,289,1.41%,1.46%,3.74,264.35,
6/21/2020,8572,16,17,0.19%,0.20%,121,0,0,0,0,8156,10,95.15%,295,1.41%,1.46%,3.74,264.85,
6/22/2020,8587,15,13.28571429,0.17%,0.16%,121,0,0,0,0,8177,21,95.23%,289,1.41%,1.46%,3.74,265.31,
6/23/2020,8590,3,12.14285714,0.03%,0.14%,121,0,0,0,0,8186,9,95.30%,283,1.41%,1.46%,3.74,265.4,
6/24/2020,8596,6,11.57142857,0.07%,0.13%,121,0,0,0,0,8231,45,95.75%,244,1.41%,1.45%,3.74,265.59,
6/25/2020,8600,4,10.14285714,0.05%,0.12%,121,0,0,0,0,8271,40,96.17%,208,1.41%,1.44%,3.74,265.71,
6/26/2020,8606,6,10.14285714,0.07%,0.12%,121,0,0,0,0,8294,23,96.37%,191,1.41%,1.44%,3.74,265.9,
6/27/2020,8616,10,8.571428571,0.12%,0.10%,121,0,0,0,0,8308,14,96.43%,187,1.40%,1.44%,3.74,266.21,
6/28/2020,8634,18,8.857142857,0.21%,0.10%,121,0,0,0,0,8318,10,96.34%,195,1.40%,1.43%,3.74,266.76,
6/29/2020,8637,3,7.142857143,0.03%,0.08%,121,0,0,0,0,8334,16,96.49%,182,1.40%,1.43%,3.74,266.85,
6/30/2020,8639,2,7,0.02%,0.08%,121,0,0,0,0,8354,20,96.70%,164,1.40%,1.43%,3.74,266.92,
7/1/2020,8640,1,6.285714286,0.01%,0.07%,121,0,0,0,0,8375,21,96.93%,144,1.40%,1.42%,3.74,266.95,
7/2/2020,8643,3,6.142857143,0.03%,0.07%,121,0,0,0,0,8437,62,97.62%,85,1.40%,1.41%,3.74,267.04,
7/3/2020,8648,5,6,0.06%,0.07%,121,0,0,0,0,8446,9,97.66%,81,1.40%,1.41%,3.74,267.19,
7/4/2020,8658,10,6,0.12%,0.07%,121,0,0,0,0,8461,15,97.72%,76,1.40%,1.41%,3.74,267.5,
7/5/2020,8663,5,4.142857143,0.06%,0.05%,121,0,0,0,0,8465,4,97.71%,77,1.40%,1.41%,3.74,267.66,
7/6/2020,8668,5,4.428571429,0.06%,0.05%,121,0,0,0,0,8476,11,97.78%,71,1.40%,1.41%,3.74,267.81,
7/7/2020,8674,6,5,0.07%,0.06%,121,0,0,0,0,8481,5,97.77%,72,1.39%,1.41%,3.74,268,
7/8/2020,8677,3,5.285714286,0.03%,0.06%,121,0,0,0,0,8486,5,97.80%,70,1.39%,1.41%,3.74,268.09,
7/9/2020,8683,6,5.714285714,0.07%,0.07%,121,0,0,0,0,8499,13,97.88%,63,1.39%,1.40%,3.74,268.28,
7/10/2020,8696,13,6.857142857,0.15%,0.08%,121,0,0,0,0,8511,12,97.87%,64,1.39%,1.40%,3.74,268.68,
7/11/2020,8704,8,6.571428571,0.09%,0.08%,122,1,0.142857143,0.83%,0.12%,8515,4,97.83%,67,1.40%,1.41%,3.77,268.92,
7/12/2020,8718,14,7.857142857,0.16%,0.09%,122,0,0.142857143,0,0.12%,8519,4,97.72%,77,1.40%,1.41%,3.77,269.36,
7/13/2020,8725,7,8.142857143,0.08%,0.09%,122,0,0.142857143,0,0.12%,8520,1,97.65%,83,1.40%,1.41%,3.77,269.57,
7/14/2020,8729,4,7.857142857,0.05%,0.09%,122,0,0.142857143,0,0.12%,8524,4,97.65%,83,1.40%,1.41%,3.77,269.7,
7/15/2020,8734,5,8.142857143,0.06%,0.09%,122,0,0.142857143,0,0.12%,8526,2,97.62%,86,1.40%,1.41%,3.77,269.85,
7/16/2020,8737,3,7.714285714,0.03%,0.09%,122,0,0.142857143,0,0.12%,8538,12,97.72%,77,1.40%,1.41%,3.77,269.94,
7/17/2020,8755,18,8.428571429,0.21%,0.10%,122,0,0.142857143,0,0.12%,8541,3,97.56%,92,1.39%,1.41%,3.77,270.5,
7/18/2020,8764,9,8.571428571,0.10%,0.10%,122,0,0,0,0,8546,5,97.51%,96,1.39%,1.41%,3.77,270.78,
7/19/2020,8779,15,8.714285714,0.17%,0.10%,123,1,0.142857143,0.82%,0.12%,8553,7,97.43%,103,1.40%,1.42%,3.8,271.24,
7/20/2020,8800,21,10.71428571,0.24%,0.12%,123,0,0.142857143,0,0.12%,8555,2,97.22%,122,1.40%,1.42%,3.8,271.89,
7/21/2020,8815,15,12.28571429,0.17%,0.14%,123,0,0.142857143,0,0.12%,8562,7,97.13%,130,1.40%,1.42%,3.8,272.35,
7/22/2020,8831,16,13.85714286,0.18%,0.16%,123,0,0.142857143,0,0.12%,8566,4,97%,142,1.39%,1.42%,3.8,272.85,
7/23/2020,8840,9,14.71428571,0.10%,0.17%,123,0,0.142857143,0,0.12%,8574,8,96.99%,143,1.39%,1.41%,3.8,273.13,
7/24/2020,8861,21,15.14285714,0.24%,0.17%,123,0,0.142857143,0,0.12%,8577,3,96.79%,161,1.39%,1.41%,3.8,273.77,
7/25/2020,8884,23,17.14285714,0.26%,0.19%,123,0,0.142857143,0,0.12%,8594,17,96.74%,167,1.38%,1.41%,3.8,274.49,
7/26/2020,8897,13,16.85714286,0.15%,0.19%,124,1,0.142857143,0.81%,0.12%,8600,6,96.66%,173,1.39%,1.42%,3.83,274.89,
7/27/2020,8904,7,14.85714286,0.08%,0.17%,124,0,0.142857143,0,0.12%,8601,1,96.60%,179,1.39%,1.42%,3.83,275.1,
7/28/2020,8943,39,18.28571429,0.44%,0.21%,124,0,0.142857143,0,0.12%,8607,6,96.24%,212,1.39%,1.42%,3.83,276.31,
7/29/2020,8956,13,17.85714286,0.15%,0.20%,124,0,0.142857143,0,0.12%,8612,5,96.16%,220,1.38%,1.42%,3.83,276.71,
7/30/2020,8964,8,17.71428571,0.09%,0.20%,124,0,0.142857143,0,0.12%,8617,5,96.13%,223,1.38%,1.42%,3.83,276.96,
7/31/2020,8976,12,16.42857143,0.13%,0.19%,125,1,0.285714286,0.81%,0.23%,8644,27,96.30%,207,1.39%,1.43%,3.86,277.33,
8/1/2020,8985,9,14.42857143,0.10%,0.16%,125,0,0.285714286,0,0.23%,8647,3,96.24%,213,1.39%,1.42%,3.86,277.61,
8/2/2020,8999,14,14.57142857,0.16%,0.16%,125,0,0.142857143,0,0.12%,8664,17,96.28%,210,1.39%,1.42%,3.86,278.04,
8/3/2020,9001,2,13.85714286,0.02%,0.16%,125,0,0.142857143,0,0.12%,8668,4,96.30%,208,1.39%,1.42%,3.86,278.1,
8/4/2020,9002,1,8.428571429,0.01%,0.09%,125,0,0.142857143,0,0.12%,8684,16,96.47%,193,1.39%,1.42%,3.86,278.13,
8/5/2020,9023,21,9.571428571,0.23%,0.11%,125,0,0.142857143,0,0.12%,8702,18,96.44%,196,1.39%,1.42%,3.86,278.78,
8/6/2020,9038,15,10.57142857,0.17%,0.12%,125,0,0.142857143,0,0.12%,8713,11,96.40%,200,1.38%,1.41%,3.86,279.24,
8/7/2020,9063,25,12.42857143,0.28%,0.14%,125,0,0,0,0,8728,15,96.30%,210,1.38%,1.41%,3.86,280.02,
8/8/2020,9070,7,12.14285714,0.08%,0.14%,125,0,0,0,0,8775,47,96.75%,170,1.38%,1.40%,3.86,280.23,
8/9/2020,9083,13,12,0.14%,0.13%,125,0,0,0,0,8784,9,96.71%,174,1.38%,1.40%,3.86,280.63,
8/10/2020,9094,11,13.28571429,0.12%,0.15%,125,0,0,0,0,8803,19,96.80%,166,1.37%,1.40%,3.86,280.97,
8/11/2020,9103,9,14.42857143,0.10%,0.16%,125,0,0,0,0,8809,6,96.77%,169,1.37%,1.40%,3.86,281.25,
8/12/2020,9114,11,13,0.12%,0.14%,125,0,0,0,0,8817,8,96.74%,172,1.37%,1.40%,3.86,281.59,
8/13/2020,9129,15,13,0.16%,0.14%,125,0,0,0,0,8821,4,96.63%,183,1.37%,1.40%,3.86,282.06,
8/14/2020,9149,20,12.28571429,0.22%,0.13%,125,0,0,0,0,8828,7,96.49%,196,1.37%,1.40%,3.86,282.67,
8/15/2020,9175,26,15,0.28%,0.16%,125,0,0,0,0,8831,3,96.25%,219,1.36%,1.40%,3.86,283.48,
8/16/2020,9200,25,16.71428571,0.27%,0.18%,125,0,0,0,0,8859,28,96.29%,216,1.36%,1.39%,3.86,284.25,
8/17/2020,9212,12,16.85714286,0.13%,0.18%,125,0,0,0,0,8876,17,96.35%,211,1.36%,1.39%,3.86,284.62,
8/18/2020,9219,7,16.57142857,0.08%,0.18%,125,0,0,0,0,8902,26,96.56%,192,1.36%,1.38%,3.86,284.84,
8/19/2020,9235,16,17.28571429,0.17%,0.19%,125,0,0,0,0,8925,23,96.64%,185,1.35%,1.38%,3.86,285.33,
8/20/2020,9240,5,15.85714286,0.05%,0.17%,125,0,0,0,0,8932,7,96.67%,183,1.35%,1.38%,3.86,285.48,
8/21/2020,9249,9,14.28571429,0.10%,0.15%,125,0,0,0,0,8945,13,96.71%,179,1.35%,1.38%,3.86,285.76,
8/22/2020,9257,8,11.71428571,0.09%,0.13%,125,0,0,0,0,8949,4,96.67%,183,1.35%,1.38%,3.86,286.01,
8/23/2020,9267,10,9.571428571,0.11%,0.10%,125,0,0,0,0,8959,10,96.68%,183,1.35%,1.38%,3.86,286.32,
8/24/2020,9274,7,8.857142857,0.08%,0.10%,125,0,0,0,0,8965,6,96.67%,184,1.35%,1.38%,3.86,286.54,
8/25/2020,9285,11,9.428571429,0.12%,0.10%,125,0,0,0,0,8971,6,96.62%,189,1.35%,1.37%,3.86,286.88,
8/26/2020,9291,6,8,0.06%,0.09%,125,0,0,0,0,8978,7,96.63%,188,1.35%,1.37%,3.86,287.06,
8/27/2020,9296,5,8,0.05%,0.09%,125,0,0,0,0,8994,16,96.75%,177,1.34%,1.37%,3.86,287.21,
8/28/2020,9306,10,8.142857143,0.11%,0.09%,125,0,0,0,0,9030,36,97.03%,151,1.34%,1.37%,3.86,287.52,
8/29/2020,9317,11,8.571428571,0.12%,0.09%,125,0,0,0,0,9038,8,97.01%,154,1.34%,1.36%,3.86,287.86,
8/30/2020,9334,17,9.571428571,0.18%,0.10%,126,1,0.142857143,0.80%,0.11%,9048,10,96.94%,160,1.35%,1.37%,3.89,288.39,
8/31/2020,9340,6,9.428571429,0.06%,0.10%,127,1,0.285714286,0.79%,0.23%,9054,6,96.94%,159,1.36%,1.38%,3.92,288.57,
9/1/2020,9354,14,9.857142857,0.15%,0.10%,128,1,0.428571429,0.79%,0.34%,9075,21,97.02%,151,1.37%,1.39%,3.95,289.01,
9/2/2020,9360,6,9.857142857,0.06%,0.10%,128,0,0.428571429,0,0.34%,9079,4,97%,153,1.37%,1.39%,3.95,289.19,
9/3/2020,9374,14,11.14285714,0.15%,0.12%,128,0,0.428571429,0,0.34%,9083,4,96.90%,163,1.37%,1.39%,3.95,289.62,
9/4/2020,9385,11,11.28571429,0.12%,0.12%,128,0,0.428571429,0,0.34%,9092,9,96.88%,165,1.36%,1.39%,3.95,289.96,
9/5/2020,9391,6,10.57142857,0.06%,0.11%,128,0,0.428571429,0,0.34%,9113,21,97.04%,150,1.36%,1.39%,3.95,290.15,
9/6/2020,9397,6,9,0.06%,0.09%,128,0,0.285714286,0,0.23%,9115,2,97%,154,1.36%,1.38%,3.95,290.34,
9/7/2020,9459,62,17,0.66%,0.18%,128,0,0.142857143,0,0.11%,9124,9,96.46%,207,1.35%,1.38%,3.95,292.25,
9/8/2020,9559,100,29.28571429,1.06%,0.31%,128,0,0,0,0,9136,12,95.57%,295,1.34%,1.38%,3.95,295.34,
9/9/2020,9583,24,31.85714286,0.25%,0.34%,128,0,0,0,0,9143,7,95.41%,312,1.34%,1.38%,3.95,296.08,
9/10/2020,9628,45,36.28571429,0.47%,0.38%,128,0,0,0,0,9167,24,95.21%,333,1.33%,1.38%,3.95,297.47,
9/11/2020,9810,182,60.71428571,1.89%,0.64%,128,0,0,0,0,9181,14,93.59%,501,1.30%,1.38%,3.95,303.1,
9/12/2020,9868,58,68.14285714,0.59%,0.71%,128,0,0,0,0,9189,8,93.12%,551,1.30%,1.37%,3.95,304.89,
9/13/2020,9915,47,74,0.48%,0.77%,128,0,0,0,0,9196,7,92.75%,591,1.29%,1.37%,3.95,306.34,
9/14/2020,9946,31,69.57142857,0.31%,0.72%,128,0,0,0,0,9203,7,92.53%,615,1.29%,1.37%,3.95,307.3,
9/15/2020,9969,23,58.57142857,0.23%,0.60%,128,0,0,0,0,9209,6,92.38%,632,1.28%,1.37%,3.95,308.01,
9/16/2020,10031,62,64,0.62%,0.66%,128,0,0,0,0,9235,26,92.06%,668,1.28%,1.37%,3.95,309.92,
9/17/2020,10052,21,60.57142857,0.21%,0.62%,128,0,0,0,0,9250,15,92.02%,674,1.27%,1.36%,3.95,310.57,
9/18/2020,10147,95,48.14285714,0.95%,0.48%,129,1,0.142857143,0.78%,0.11%,9264,14,91.30%,754,1.27%,1.37%,3.99,313.51,
9/19/2020,10167,20,42.71428571,0.20%,0.43%,130,1,0.285714286,0.78%,0.22%,9315,51,91.62%,722,1.28%,1.38%,4.02,314.13,
9/20/2020,10219,52,43.42857143,0.51%,0.43%,130,0,0.285714286,0,0.22%,9355,40,91.55%,734,1.27%,1.37%,4.02,315.73,
9/21/2020,10276,57,47.14285714,0.56%,0.47%,130,0,0.285714286,0,0.22%,9395,40,91.43%,751,1.27%,1.36%,4.02,317.49,
9/22/2020,10358,82,55.57142857,0.80%,0.55%,130,0,0.285714286,0,0.22%,9563,168,92.32%,665,1.26%,1.34%,4.02,320.03,
9/23/2020,10505,147,67.71428571,1.42%,0.66%,133,3,0.714285714,2.31%,0.55%,9602,39,91.40%,770,1.27%,1.37%,4.11,324.57,
9/24/2020,10576,71,74.85714286,0.68%,0.73%,133,0,0.714285714,0,0.55%,9666,64,91.40%,777,1.26%,1.36%,4.11,326.76,
9/25/2020,10687,111,77.14285714,1.05%,0.75%,133,0,0.571428571,0,0.44%,9696,30,90.73%,858,1.24%,1.35%,4.11,330.19,
9/26/2020,10769,82,86,0.77%,0.83%,133,0,0.428571429,0,0.33%,9785,89,90.86%,851,1.24%,1.34%,4.11,332.73,
9/27/2020,10919,150,100,1.39%,0.95%,134,1,0.571428571,0.75%,0.44%,9835,50,90.07%,950,1.23%,1.34%,4.14,337.36,
9/28/2020,11034,115,108.2857143,1.05%,1.02%,134,0,0.571428571,0,0.44%,9889,54,89.62%,1011,1.21%,1.34%,4.14,340.91,
9/29/2020,11135,101,111,0.92%,1.04%,134,0,0.571428571,0,0.44%,9939,50,89.26%,1062,1.20%,1.33%,4.14,344.03,
9/30/2020,11224,89,102.7142857,0.80%,0.95%,136,2,0.428571429,1.49%,0.32%,9967,28,88.80%,1121,1.21%,1.35%,4.2,346.78,
10/1/2020,11484,260,129.7142857,2.32%,1.19%,136,0,0.428571429,0,0.32%,10014,47,87.20%,1334,1.18%,1.34%,4.2,354.82,
10/2/2020,11771,287,154.8571429,2.50%,1.39%,136,0,0.428571429,0,0.32%,10095,81,85.76%,1540,1.16%,1.33%,4.2,363.68,
10/3/2020,12088,317,188.4285714,2.69%,1.67%,137,1,0.571428571,0.74%,0.43%,10216,121,84.51%,1735,1.13%,1.32%,4.23,373.48,
10/4/2020,12381,293,208.8571429,2.42%,1.81%,137,0,0.428571429,0,0.32%,10283,67,83.05%,1961,1.11%,1.31%,4.23,382.53,
10/5/2020,12813,432,254.1428571,3.49%,2.16%,137,0,0.428571429,0,0.32%,10340,57,80.70%,2336,1.07%,1.31%,4.23,395.88,
10/6/2020,13504,691,338.4285714,5.39%,2.80%,141,4,1,2.92%,0.74%,10427,87,77.21%,2936,1.04%,1.33%,4.36,417.23,
10/7/2020,13993,489,395.5714286,3.62%,3.20%,141,0,0.714285714,0,0.52%,10501,74,75.04%,3351,1.01%,1.32%,4.36,432.34,
10/8/2020,14368,375,412,2.68%,3.26%,146,5,1.428571429,3.55%,1.03%,10519,18,73.21%,3703,1.02%,1.37%,4.51,443.92,
10/9/2020,14722,354,421.5714286,2.46%,3.25%,152,6,2.285714286,4.11%,1.62%,10707,188,72.73%,3863,1.03%,1.40%,4.7,454.86,
10/10/2020,15096,374,429.7142857,2.54%,3.23%,155,3,2.571428571,1.97%,1.79%,10780,73,71.41%,4161,1.03%,1.42%,4.79,466.42,
10/11/2020,15657,561,468,3.72%,3.41%,157,2,2.857142857,1.29%,1.98%,10913,133,69.70%,4587,1%,1.42%,4.85,483.75,
10/12/2020,16220,563,486.7142857,3.60%,3.43%,159,2,3.142857143,1.27%,2.16%,11022,109,67.95%,5039,0.98%,1.42%,4.91,501.14,
10/13/2020,16880,660,482.2857143,4.07%,3.24%,163,4,3.142857143,2.52%,2.10%,11372,350,67.37%,5345,0.97%,1.41%,5.04,521.53,
10/14/2020,17540,660,506.7142857,3.91%,3.28%,167,4,3.714285714,2.45%,2.45%,11605,233,66.16%,5768,0.95%,1.42%,5.16,541.93,
10/15/2020,18129,589,537.2857143,3.36%,3.38%,170,3,3.428571429,1.80%,2.20%,12014,409,66.27%,5945,0.94%,1.40%,5.25,560.12,
10/16/2020,18758,629,576.5714286,3.47%,3.52%,176,6,3.428571429,3.53%,2.12%,12259,245,65.35%,6323,0.94%,1.42%,5.44,579.56,
10/17/2020,19627,869,647.2857143,4.63%,3.82%,180,4,3.571428571,2.27%,2.16%,12561,302,64%,6886,0.92%,1.41%,5.56,606.41,
10/18/2020,20498,871,691.5714286,4.44%,3.93%,187,7,4.285714286,3.89%,2.53%,13262,701,64.70%,7049,0.91%,1.39%,5.78,633.32,
10/19/2020,21363,865,734.7142857,4.22%,4.01%,190,3,4.428571429,1.60%,2.58%,13717,455,64.21%,7456,0.89%,1.37%,5.87,660.04,
10/20/2020,22225,862,763.5714286,4.04%,4.01%,193,3,4.285714286,1.58%,2.45%,14351,634,64.57%,7681,0.87%,1.33%,5.96,686.68,
10/21/2020,22957,732,773.8571429,3.29%,3.92%,199,6,4.571428571,3.11%,2.54%,14931,580,65.04%,7827,0.87%,1.32%,6.15,709.29,
10/22/2020,23804,847,810.7142857,3.69%,3.97%,204,5,4.857142857,2.51%,2.64%,15417,486,64.77%,8183,0.86%,1.31%,6.3,735.46,
10/23/2020,24514,710,822.2857143,2.98%,3.90%,214,10,5.428571429,4.90%,2.84%,15884,467,64.80%,8416,0.87%,1.33%,6.61,757.4,
10/24/2020,25742,1228,873.5714286,5.01%,3.95%,221,7,5.857142857,3.27%,2.98%,16555,671,64.31%,8966,0.86%,1.32%,6.83,795.34,
10/25/2020,26565,823,866.7142857,3.20%,3.78%,229,8,6,3.62%,2.94%,17134,579,64.50%,9202,0.86%,1.32%,7.08,820.77,
10/26/2020,27805,1240,920.2857143,4.67%,3.84%,236,7,6.571428571,3.06%,3.15%,17825,691,64.11%,9744,0.85%,1.31%,7.29,859.08,
10/27/2020,28640,835,916.4285714,3%,3.69%,238,2,6.428571429,0.85%,3.05%,18499,674,64.59%,9903,0.83%,1.27%,7.35,884.88,
10/28/2020,29441,801,926.2857143,2.80%,3.62%,246,8,6.714285714,3.36%,3.08%,19072,573,64.78%,10123,0.84%,1.27%,7.6,909.63,
10/29/2020,30090,649,898,2.20%,3.41%,246,0,6,0,2.72%,19757,685,65.66%,10087,0.82%,1.23%,7.6,929.68,
10/30/2020,30889,799,910.7142857,2.66%,3.36%,249,3,5,1.22%,2.20%,20248,491,65.55%,10392,0.81%,1.21%,7.69,954.37,
10/31/2020,31548,659,829.4285714,2.13%,2.95%,249,0,4,0,1.73%,21248,1000,67.35%,10051,0.79%,1.16%,7.69,974.73,
11/1/2020,32505,957,848.5714286,3.03%,2.93%,249,0,2.857142857,0,1.21%,22220,972,68.36%,10036,0.77%,1.11%,7.69,1004.29,
11/2/2020,33339,834,790.5714286,2.57%,2.63%,251,2,2.142857143,0.80%,0.89%,23120,900,69.35%,9968,0.75%,1.07%,7.76,1030.06,
11/3/2020,34393,1054,821.8571429,3.16%,2.65%,263,12,3.571428571,4.78%,1.45%,23995,875,69.77%,10135,0.76%,1.08%,8.13,1062.63,
11/4/2020,35425,1032,854.8571429,3%,2.68%,271,8,3.571428571,3.04%,1.41%,24815,820,70.05%,10339,0.76%,1.08%,8.37,1094.51,
11/5/2020,36434,1009,906.2857143,2.85%,2.77%,277,6,4.428571429,2.21%,1.72%,25654,839,70.41%,10503,0.76%,1.07%,8.56,1125.69,
11/6/2020,38189,1755,1042.857143,4.82%,3.08%,279,2,4.285714286,0.72%,1.65%,26380,726,69.08%,11530,0.73%,1.05%,8.62,1179.91,
11/7/2020,39357,1168,1115.571429,3.06%,3.21%,282,3,4.714285714,1.08%,1.80%,27409,1029,69.64%,11666,0.72%,1.02%,8.71,1216,
11/8/2020,40209,852,1100.571429,2.16%,3.09%,286,4,5.285714286,1.42%,2.01%,28234,825,70.22%,11689,0.71%,1%,8.84,1242.32,
11/9/2020,41181,972,1120.285714,2.42%,3.07%,294,8,6.142857143,2.80%,2.29%,29579,1345,71.83%,11308,0.71%,0.98%,9.08,1272.35,
11/10/2020,42050,869,1093.857143,2.11%,2.92%,300,6,5.285714286,2.04%,1.90%,30304,725,72.07%,11446,0.71%,0.98%,9.27,1299.2,
11/11/2020,42872,822,1063.857143,1.95%,2.77%,302,2,4.428571429,0.67%,1.56%,31073,769,72.48%,11497,0.70%,0.96%,9.33,1324.6,
11/12/2020,43791,919,1051,2.14%,2.67%,303,1,3.714285714,0.33%,1.29%,32069,996,73.23%,11419,0.69%,0.94%,9.36,1352.99,
11/13/2020,45095,1304,986.5714286,2.98%,2.40%,304,1,3.571428571,0.33%,1.24%,32969,900,73.11%,11822,0.67%,0.91%,9.39,1393.28,
11/14/2020,46209,1114,978.8571429,2.47%,2.32%,306,2,3.428571429,0.66%,1.18%,33772,803,73.09%,12131,0.66%,0.90%,9.45,1427.7,
11/15/2020,47417,1208,1029.714286,2.61%,2.38%,309,3,3.285714286,0.98%,1.12%,34785,1013,73.36%,12323,0.65%,0.88%,9.55,1465.03,
11/16/2020,48520,1103,1048.428571,2.33%,2.37%,313,4,2.714285714,1.29%,0.90%,35606,821,73.38%,12601,0.65%,0.87%,9.67,1499.1,
11/17/2020,49730,1210,1097.142857,2.49%,2.42%,318,5,2.571428571,1.60%,0.84%,36624,1018,73.65%,12788,0.64%,0.86%,9.83,1536.49,
11/18/2020,50390,660,1074,1.33%,2.34%,322,4,2.857142857,1.26%,0.92%,37254,630,73.93%,12814,0.64%,0.86%,9.95,1556.88,
11/19/2020,51680,1290,1127,2.56%,2.40%,326,4,3.285714286,1.24%,1.05%,38132,878,73.78%,13222,0.63%,0.85%,10.07,1596.74,
11/20/2020,52638,958,1077.571429,1.85%,2.23%,329,3,3.571428571,0.92%,1.14%,39088,956,74.26%,13221,0.63%,0.83%,10.16,1626.34,
11/21/2020,53679,1041,1067.142857,1.98%,2.16%,332,3,3.714285714,0.91%,1.17%,40493,1405,75.44%,12854,0.62%,0.81%,10.26,1658.5,
11/22/2020,54775,1096,1051.142857,2.04%,2.08%,335,3,3.714285714,0.90%,1.16%,41597,1104,75.94%,12843,0.61%,0.80%,10.35,1692.36,
11/23/2020,56659,1884,1162.714286,3.44%,2.24%,337,2,3.428571429,0.60%,1.06%,42480,883,74.97%,13842,0.59%,0.79%,10.41,1750.57,
11/24/2020,58847,2188,1302.428571,3.86%,2.44%,341,4,3.285714286,1.19%,1%,44153,1673,75.03%,14353,0.58%,0.77%,10.54,1818.17,
11/25/2020,59817,970,1346.714286,1.65%,2.48%,345,4,3.285714286,1.17%,0.99%,46501,2348,77.74%,12971,0.58%,0.74%,10.66,1848.14,
11/26/2020,60752,935,1296,1.56%,2.34%,348,3,3.142857143,0.87%,0.94%,49056,2555,80.75%,11348,0.57%,0.70%,10.75,1877.03,
11/27/2020,61861,1109,1317.571429,1.83%,2.34%,350,2,3,0.57%,0.89%,50204,1148,81.16%,11307,0.57%,0.69%,10.81,1911.3,
11/28/2020,63176,1315,1356.714286,2.13%,2.36%,354,4,3.142857143,1.14%,0.92%,51314,1110,81.22%,11508,0.56%,0.69%,10.94,1951.92,
11/29/2020,64485,1309,1387.142857,2.07%,2.36%,357,3,3.142857143,0.85%,0.91%,52647,1333,81.64%,11481,0.55%,0.67%,11.03,1992.37,
11/30/2020,65697,1212,1291.142857,1.88%,2.14%,360,3,3.285714286,0.84%,0.95%,54759,2112,83.35%,10578,0.55%,0.65%,11.12,2029.82,
12/1/2020,67169,1472,1188.857143,2.24%,1.91%,363,3,3.142857143,0.83%,0.90%,56311,1552,83.83%,10495,0.54%,0.64%,11.22,2075.3,
12/2/2020,68020,851,1171.857143,1.27%,1.85%,365,2,2.857142857,0.55%,0.81%,56969,658,83.75%,10686,0.54%,0.64%,11.28,2101.59,
12/3/2020,69095,1075,1191.857143,1.58%,1.86%,376,11,4,3.01%,1.11%,57917,948,83.82%,10802,0.54%,0.65%,11.62,2134.8,
12/4/2020,70236,1141,1196.428571,1.65%,1.83%,376,0,3.714285714,0,1.03%,59061,1144,84.09%,10799,0.54%,0.63%,11.62,2170.05,
12/5/2020,71359,1123,1169,1.60%,1.76%,380,4,3.714285714,1.06%,1.02%,60204,1143,84.37%,10775,0.53%,0.63%,11.74,2204.75,
12/6/2020,72694,1335,1172.714286,1.87%,1.73%,382,2,3.571428571,0.53%,0.97%,61273,1069,84.29%,11039,0.53%,0.62%,11.8,2246,
12/7/2020,74294,1600,1228.142857,2.20%,1.77%,384,2,3.428571429,0.52%,0.93%,62306,1033,83.86%,11604,0.52%,0.61%,11.86,2295.43,
12/8/2020,75306,1012,1162.428571,1.36%,1.65%,388,4,3.571428571,1.04%,0.96%,64056,1750,85.06%,10862,0.52%,0.60%,11.99,2326.7,
12/9/2020,76265,959,1177.857143,1.27%,1.65%,393,5,4,1.29%,1.06%,65124,1068,85.39%,10748,0.52%,0.60%,12.14,2356.33,
12/10/2020,78499,2234,1343.428571,2.93%,1.84%,396,3,2.857142857,0.76%,0.74%,66236,1112,84.38%,11867,0.50%,0.59%,12.24,2425.35,
12/11/2020,80309,1810,1439,2.31%,1.93%,402,6,3.714285714,1.52%,0.96%,67173,937,83.64%,12734,0.50%,0.59%,12.42,2481.28,
12/12/2020,82246,1937,1555.285714,2.41%,2.05%,411,9,4.428571429,2.24%,1.13%,68084,911,82.78%,13751,0.50%,0.60%,12.7,2541.12,
12/13/2020,83475,1229,1540.142857,1.49%,2%,415,4,4.714285714,0.97%,1.19%,69393,1309,83.13%,13667,0.50%,0.59%,12.82,2579.1,
12/14/2020,84846,1371,1507.428571,1.64%,1.92%,419,4,5,0.96%,1.25%,70597,1204,83.21%,13830,0.49%,0.59%,12.95,2621.45,
12/15/2020,86618,1772,1616,2.09%,2.02%,422,3,4.857142857,0.72%,1.21%,71681,1084,82.76%,14515,0.49%,0.59%,13.04,2676.2,
12/16/2020,87913,1295,1664,1.50%,2.05%,429,7,5.142857143,1.66%,1.26%,72733,1052,82.73%,14751,0.49%,0.59%,13.25,2716.21,
12/17/2020,89133,1220,1519.142857,1.39%,1.83%,432,3,5.142857143,0.70%,1.25%,74030,1297,83.06%,14671,0.48%,0.58%,13.35,2753.91,
12/18/2020,90816,1683,1501,1.89%,1.77%,432,0,4.285714286,0,1.04%,75244,1214,82.85%,15140,0.48%,0.57%,13.35,2805.91,
12/19/2020,91969,1153,1389,1.27%,1.61%,433,1,3.142857143,0.23%,0.75%,76242,998,82.90%,15294,0.47%,0.56%,13.38,2841.53,
12/20/2020,93309,1340,1404.857143,1.46%,1.61%,437,4,3.142857143,0.92%,0.74%,77309,1067,82.85%,15563,0.47%,0.56%,13.5,2882.93,
12/21/2020,95327,2018,1497.285714,2.16%,1.68%,438,1,2.714285714,0.23%,0.64%,78393,1084,82.24%,16496,0.46%,0.56%,13.53,2945.28,
12/22/2020,97389,2062,1538.714286,2.16%,1.69%,439,1,2.428571429,0.23%,0.57%,79304,911,81.43%,17646,0.45%,0.55%,13.56,3008.99,
12/23/2020,98737,1348,1546.285714,1.38%,1.67%,444,5,2.142857143,1.14%,0.49%,80014,710,81.04%,18279,0.45%,0.55%,13.72,3050.64,
12/24/2020,100318,1581,1597.857143,1.60%,1.70%,446,2,2,0.45%,0.46%,81099,1085,80.84%,18773,0.44%,0.55%,13.78,3099.49,
12/25/2020,101565,1247,1535.571429,1.24%,1.61%,449,3,2.428571429,0.67%,0.55%,82540,1441,81.27%,18576,0.44%,0.54%,13.87,3138.02,
12/26/2020,103900,2335,1704.428571,2.30%,1.76%,451,2,2.571428571,0.45%,0.58%,83414,874,80.28%,20035,0.43%,0.54%,13.93,3210.16,
12/27/2020,105096,1196,1683.857143,1.15%,1.71%,452,1,2.142857143,0.22%,0.48%,84411,997,80.32%,20233,0.43%,0.53%,13.97,3247.11,
12/28/2020,106690,1594,1623.285714,1.52%,1.62%,455,3,2.428571429,0.66%,0.55%,85592,1181,80.22%,20643,0.43%,0.53%,14.06,3296.36,
12/29/2020,108615,1925,1603.714286,1.80%,1.57%,457,2,2.571428571,0.44%,0.58%,86715,1123,79.84%,21443,0.42%,0.52%,14.12,3355.84,
12/30/2020,110485,1870,1678.285714,1.72%,1.62%,463,6,2.714285714,1.31%,0.60%,87460,745,79.16%,22562,0.42%,0.53%,14.31,3413.61,
12/31/2020,113010,2525,1813.142857,2.29%,1.72%,471,8,3.571428571,1.73%,0.78%,88941,1481,78.70%,23598,0.42%,0.53%,14.55,3491.63,
1/1/2021,115078,2068,1930.428571,1.83%,1.80%,474,3,3.571428571,0.64%,0.78%,91171,2230,79.23%,23433,0.41%,0.52%,14.64,3555.52,
1/2/2021,117373,2295,1924.714286,1.99%,1.76%,483,9,4.571428571,1.90%,0.99%,94492,3321,80.51%,22398,0.41%,0.51%,14.92,3626.43,
1/3/2021,119077,1704,1997.285714,1.45%,1.80%,494,11,6,2.28%,1.28%,97218,2726,81.64%,21365,0.41%,0.51%,15.26,3679.08,
1/4/2021,120818,1741,2018.285714,1.46%,1.79%,501,7,6.571428571,1.42%,1.39%,98228,1010,81.30%,22089,0.41%,0.51%,15.48,3732.87,
1/5/2021,122845,2027,2032.857143,1.68%,1.77%,509,8,7.428571429,1.60%,1.55%,99449,1221,80.95%,22887,0.41%,0.51%,15.73,3795.5,
1/6/2021,125438,2593,2136.142857,2.11%,1.83%,513,4,7.142857143,0.79%,1.48%,100578,1129,80.18%,24347,0.41%,0.51%,15.85,3875.61,
1/7/2021,128465,3027,2207.857143,2.41%,1.85%,521,8,7.142857143,1.56%,1.46%,102723,2145,79.96%,25221,0.41%,0.50%,16.1,3969.13,
1/8/2021,131108,2643,2290,2.06%,1.88%,537,16,9,3.07%,1.80%,105431,2708,80.42%,25140,0.41%,0.51%,16.59,4050.79,
